<?xml version="1.0" encoding="UTF-8"?><metadata>
    <idinfo>
        <citation>
            <citeinfo>
                <origin/>
                <title>Florida Panther (Puma concolor coryi) Mortality Locations, February 1972 to December 2022</title>
                <geoform>vector digital data</geoform>
                <onlink>https://myfwc.com/wildlifehabitats/wildlife/panther/</onlink>
            </citeinfo>
        </citation>
        <descript>
            <abstract>The Florida panther (Puma concolor coryi) mortality database contains all known and documented mortalities including known or likely causes. This dataset reflects dead Florida panthers from February 13, 1972 to December 20, 2022.</abstract>
            <purpose>To monitor Florida panther mortalities and document their locations and causes.</purpose>
            <supplinf>This dataset includes only those mortalities with known coordinate locations.</supplinf>
        </descript>
        <status>
            <progress>Complete</progress>
            <update>Annually</update>
        </status>
        <keywords>
            <theme>
                <themekt>Wildlifetheme</themekt>
                <themekey>mortality</themekey>
                <themekey>biota</themekey>
                <themekey>panther</themekey>
            </theme>
            <theme>
                <themekt>ISO 19115 Topic Categories</themekt>
                <themekey>biota</themekey>
            </theme>
            <place>
                <placekt>FWRIplace</placekt>
                <placekey>FWRIplace</placekey>
                <placekey>Statewide</placekey>
            </place>
        </keywords>
        <accconst>These data are unrestricted. Users should acquire the best available data. If possible, please acquire this dataset directly from FWC as other sources may have altered the original data.</accconst>
        <useconst>Users should read and fully comprehend this metadata record prior to using these data. Please acknowledge the Florida Fish and Wildlife Conservation Commission (FWC) as the data source for any products developed from these data. If any data are modified, please share the edited information with FWC. Users should be aware that comparison with other data sets for the same area may be inaccurate. Users should acquire the best available data. FWC shall not be liable for improper or incorrect use of these data.</useconst>
        <ptcontac>
            <cntinfo>
                <cntorgp>
                    <cntorg>Florida Fish and Wildlife Conservation Commission-Fish and Wildlife Research Institute</cntorg>
                    <cntper>GISLibrarian</cntper>
                </cntorgp>
                <cntpos>GIS Librarian</cntpos>
                <cntaddr>
                    <addrtype>mailing</addrtype>
                    <address>100 8th Ave S.E.</address>
                    <city>St. Petersburg</city>
                    <state>Florida</state>
                    <postal>33701</postal>
                </cntaddr>
                <cntvoice>727-896-8626</cntvoice>
                <cntemail>GISRequests@MyFWC.com</cntemail>
                <hours>8:00 am - 5:00 pm Eastern Time</hours>
            </cntinfo>
        </ptcontac>
        <datacred>FWC Florida Panther Program Biologists Mark Lotz and Dave Onorato</datacred>
        <secinfo>
            <secsys>FWRI-DC</secsys>
            <sechandl>Available without restriction</sechandl>
        </secinfo>
        <native>Esri ArcGIS 12.9.3.32739</native>
    </idinfo>
    <dataqual>
        <attracc>
            <attraccr>Quality checked visually for attribute accuracy and consistency</attraccr>
        </attracc>
        <logic>Logically consistent. All attributes fall within defined values.</logic>
        <complete>These data are complete as of the data available to FWRI in April 2022.</complete>
        <posacc>
            <horizpa>
                <horizpar>Unknown. However, locations were validated using physical descriptions of locations.</horizpar>
            </horizpa>
        </posacc>
        <lineage>
            <srcinfo>
                <srccite>
                    <citeinfo>
                        <title>Panther_mortality_database_2022.xlsx</title>
                    </citeinfo>
                </srccite>
                <typesrc>None</typesrc>
                <srccitea>Panther_mortality_database_2022.xlsx</srccitea>
                <srccontr>This Excel database contains records of Florida panther injuries and mortalities from February 1972 to the present. A geodatabase table and vector point locations were generated from this data.</srccontr>
            </srcinfo>
            <procstep>
                <procdesc>Received panther mortality database from Panther Team, containing a cumulative table of spatial coordinates of mortality locations since Feb 1972, as well as associated attributes. Cleaned data to remove panther injuries. Imported data into geodatabase table, created vector point feature class from table in UTM NAD 83 Zone 17 projection. Projected to NAD_1983_HARN_Florida_GDL_Albers and NAD_1983_2011_GDL_Florida_Albers. Updated this metadata record.</procdesc>
                <proccont>
                    <cntinfo>
                        <cntorgp>
                            <cntorg>Florida Fish and Wildlife Conservation Commission - Fish and Wildlife Research Institute</cntorg>
                            <cntper>GISLibrarian</cntper>
                        </cntorgp>
                        <cntpos>GIS Data Librarian</cntpos>
                        <cntaddr>
                            <addrtype>mailing and physical</addrtype>
                            <address>Fish and Wildlife Research Institute</address>
                            <address>100 8th Avenue Southeast</address>
                            <city>St. Petersburg</city>
                            <state>FL</state>
                            <postal>33701</postal>
                            <country>US</country>
                        </cntaddr>
                        <cntvoice>727-896-8626</cntvoice>
                        <cntemail>GISRequests@MyFWC.com</cntemail>
                        <hours>8:00 am - 5:00 pm Eastern Time</hours>
                    </cntinfo>
                </proccont>
            </procstep>
        </lineage>
    </dataqual>
    <spdoinfo>
        <direct>Vector</direct>
        <ptvctinf>
            <sdtsterm>
                <sdtstype>Entity point</sdtstype>
                <ptvctcnt>0</ptvctcnt>
            </sdtsterm>
        </ptvctinf>
    </spdoinfo>
    <eainfo>
        <detailed>
            <enttyp>
                <enttypl>panther_mortality_point</enttypl>
                <enttypd>Point locations of panther mortalities from Feb 1972 to the present.</enttypd>
                <enttypds>FWC</enttypds>
            </enttyp>
            <attr>
                <attrlabl>FID</attrlabl>
                <attrdef>Internal feature number.</attrdef>
                <attrdefs>Esri</attrdefs>
                <attrdomv>
                                        					
                    
                    <udom>Sequential unique whole numbers that are automatically generated.</udom>
                                        				
                
                </attrdomv>
            </attr>
            <attr>
                <attrlabl>Shape</attrlabl>
                <attrdef>Feature geometry.</attrdef>
                <attrdefs>Esri</attrdefs>
                <attrdomv>
                                        					
                    
                    <udom>Feature geometry.</udom>
                                        				
                
                </attrdomv>
            </attr>
            <attr>
                <attrlabl>PANTHERID</attrlabl>
                <attrdef>Unique ID for each panther.</attrdef>
                <attrdefs>FWC</attrdefs>
                <attrdomv>
                                        					
                    
                    <udom>Code identifying deceased panther.</udom>
                                        				
                
                </attrdomv>
            </attr>
            <attr>
                <attrlabl>Sex</attrlabl>
                <attrdef>Sex of panther.</attrdef>
                <attrdefs>FWC</attrdefs>
                <attrdomv>
                                        					
                    
                    <udom>Text field.</udom>
                                        				
                
                </attrdomv>
            </attr>
            <attr>
                <attrlabl>Age</attrlabl>
                <attrdef>Approximate age of panther, if known.</attrdef>
                <attrdefs>FWC</attrdefs>
                <attrdomv>
                                        					
                    
                    <udom>Text field containing numeric values.</udom>
                                        				
                
                </attrdomv>
            </attr>
            <attr>
                <attrlabl>LOCATION</attrlabl>
                <attrdef>Text description of area in which deceased panther was located.</attrdef>
                <attrdefs>FWC</attrdefs>
                <attrdomv>
                                        					
                    
                    <udom>Text field</udom>
                                        				
                
                </attrdomv>
            </attr>
            <attr>
                <attrlabl>CAUSE</attrlabl>
                <attrdef>Cause of panther mortality, if known.</attrdef>
                <attrdefs>FWC</attrdefs>
                <attrdomv>
                                        					
                    
                    <udom>Text field</udom>
                                        				
                
                </attrdomv>
            </attr>
            <attr>
                <attrlabl>YEAR</attrlabl>
                <attrdef>Year of mortality incident.</attrdef>
                <attrdefs>FWC</attrdefs>
                <attrdomv>
                                        					
                    
                    <udom>Numeric field.</udom>
                                        				
                
                </attrdomv>
            </attr>
            <attr>
                <attrlabl>Date</attrlabl>
                <attrdef>Date of mortality incident.</attrdef>
                <attrdefs>FWC</attrdefs>
                <attrdomv>
                                        					
                    
                    <udom>Date field.</udom>
                                        				
                
                </attrdomv>
            </attr>
            <attr>
                <attrlabl>created_us</attrlabl>
            </attr>
            <attr>
                <attrlabl>created_da</attrlabl>
            </attr>
            <attr>
                <attrlabl>last_edite</attrlabl>
            </attr>
            <attr>
                <attrlabl>last_edi_1</attrlabl>
            </attr>
            <attr>
                <attrlabl>CauseLong</attrlabl>
            </attr>
            <attr>
                <attrlabl>PANTHERID2</attrlabl>
            </attr>
            <attr>
                <attrlabl>MORTID</attrlabl>
            </attr>
            <attr>
                <attrlabl>AGE_UNITS</attrlabl>
                <attrdef>Units (days, months, weeks, years) of age of deceased panther, if known.</attrdef>
                <attrdefs>FWC</attrdefs>
                <attrdomv>
                                        					
                    
                    <udom>Text field.</udom>
                                        				
                
                </attrdomv>
            </attr>
        </detailed>
        <overview>
            <eadetcit>FWC</eadetcit>
        </overview>
    </eainfo>
    <distinfo>
        <distrib>
            <cntinfo>
                <cntorgp>
                    <cntorg>Florida Fish and Wildlife Conservation Commission - Fish and Wildlife Research Institute</cntorg>
                    <cntper>GISLibrarian</cntper>
                </cntorgp>
                <cntpos>GIS Data Librarian</cntpos>
                <cntaddr>
                    <addrtype>mailing and physical</addrtype>
                    <address>Fish and Wildlife Research Institute</address>
                    <address>100 8th Avenue Southeast</address>
                    <city>St. Petersburg</city>
                    <state>FL</state>
                    <postal>33701</postal>
                    <country>US</country>
                </cntaddr>
                <cntvoice>727-896-8626</cntvoice>
                <cntemail>GISRequests@MyFWC.com</cntemail>
                <hours>8:00 am - 5:00 pm Eastern Time</hours>
            </cntinfo>
        </distrib>
        <distliab>This data set is in the public domain, and the recipient may not assert any proprietary rights thereto nor represent it to anyone as other than a FWC-FWRI produced data set; it is provided "as-is" without warranty of any kind, including, but not limited to, the implied warranties of merchantability and fitness for a particular purpose. The user assumes all responsibility for the accuracy and suitability of this data set for a specific application. In no event will the staff of the Fish and Wildlife Research Institute be liable for any damages, including lost profits, lost savings, or other incidental or consequential damages arising from the use of or the inability to use this data set.</distliab>
        <stdorder>
            <fees>None. However, persons or organizations requesting information must provide transfer media if FTP is not available and must pay express shipping costs if express shipping is required.</fees>
            <ordering>Contact GIS Librarian by e-mail, telephone, or letter explaining which products are needed and providing a brief description of how the products will be used. Also, provide name and address of the person or organization requesting the products.</ordering>
            <turnarnd>Usually within 10 business days, although, complex requests may take longer</turnarnd>
        </stdorder>
    </distinfo>
    <metainfo>
        <metd>20221222</metd>
        <metc>
            <cntinfo>
                <cntorgp>
                    <cntorg>Florida Fish and Wildlife Conservation Commission-Fish and Wildlife Research Institute</cntorg>
                    <cntper>GIS Librarian</cntper>
                </cntorgp>
                <cntpos>GIS Data Librarian</cntpos>
                <cntaddr>
                    <addrtype>mailing</addrtype>
                    <address>100 8th Ave S.E.</address>
                    <city>St. Petersburg</city>
                    <state>Florida</state>
                    <postal>33701</postal>
                </cntaddr>
                <cntvoice>727-896-8626</cntvoice>
                <cntemail>GISRequests@MyFWC.com</cntemail>
                <hours>8am - 5pm Eastern Time</hours>
            </cntinfo>
        </metc>
        <metstdn>FGDC Content Standard for Digital Geospatial Metadata</metstdn>
        <metstdv>FGDC-STD-001-1998</metstdv>
        <mettc>local time</mettc>
        <metac>No restrictions on metadata</metac>
        <metuc>Metadata must be distributed with the data set.</metuc>
        <metsi>
            <metscs>FWRI-MC</metscs>
            <metshd>Metadata must be distributed with the data set.</metshd>
        </metsi>
    </metainfo>
</metadata>
