<?xml version="1.0" encoding="UTF-8"?><metadata>
    <idinfo>
        <citation>
            <citeinfo>
                <origin/>
                <pubdate>20200930</pubdate>
                <title>Florida Panther (Puma concolor coryi) Telemetry Locations Feburary 1981-June 2020</title>
                <geoform>vector digital data</geoform>
                <pubinfo>
                    <pubplace/>
                    <publish>Florida Fish and Wildlife Conservation Commission</publish>
                </pubinfo>
                <onlink>https://myfwc.com/wildlifehabitats/wildlife/panther/</onlink>
                <onlink>https://gis.myfwc.com/Data/KMZ_files/Wildlife - FL Panther Telemetry - ID 01-09.kmz</onlink>
                <onlink>https://gis.myfwc.com/Data/KMZ_files/Wildlife - FL Panther Telemetry - ID 10-19.kmz</onlink>
                <onlink>https://gis.myfwc.com/Data/KMZ_files/Wildlife - FL Panther Telemetry - ID 20-29.kmz</onlink>
                <onlink>https://gis.myfwc.com/Data/KMZ_files/Wildlife - FL Panther Telemetry - ID 30-39.kmz</onlink>
                <onlink>https://gis.myfwc.com/Data/KMZ_files/Wildlife - FL Panther Telemetry - ID 40-49.kmz</onlink>
                <onlink>https://gis.myfwc.com/Data/KMZ_files/Wildlife - FL Panther Telemetry - ID 50-59.kmz</onlink>
                <onlink>https://gis.myfwc.com/Data/KMZ_files/Wildlife - FL Panther Telemetry - ID 60-69.kmz</onlink>
                <onlink>https://gis.myfwc.com/Data/KMZ_files/Wildlife - FL Panther Telemetry - ID 70-79.kmz</onlink>
                <onlink>https://gis.myfwc.com/Data/KMZ_files/Wildlife - FL Panther Telemetry - ID 80-89.kmz</onlink>
                <onlink>https://gis.myfwc.com/Data/KMZ_files/Wildlife - FL Panther Telemetry - ID 90-99.kmz</onlink>
                <onlink>https://gis.myfwc.com/Data/KMZ_files/Wildlife - FL Panther Telemetry - ID 100-109.kmz</onlink>
                <onlink>https://gis.myfwc.com/Data/KMZ_files/Wildlife - FL Panther Telemetry - ID 110-119.kmz</onlink>
                <onlink>https://gis.myfwc.com/Data/KMZ_files/Wildlife - FL Panther Telemetry - ID 120-129.kmz</onlink>
                <onlink>https://gis.myfwc.com/Data/KMZ_files/Wildlife - FL Panther Telemetry - ID 130-139.kmz</onlink>
                <onlink>https://gis.myfwc.com/Data/KMZ_files/Wildlife - FL Panther Telemetry - ID 140-149.kmz</onlink>
                <onlink>https://gis.myfwc.com/Data/KMZ_files/Wildlife - FL Panther Telemetry - ID 150-159.kmz</onlink>
                <onlink>https://gis.myfwc.com/Data/KMZ_files/Wildlife - FL Panther Telemetry - ID 160-169.kmz</onlink>
                <onlink>https://gis.myfwc.com/Data/KMZ_files/Wildlife - FL Panther Telemetry - ID 170-179.kmz</onlink>
                <onlink>https://gis.myfwc.com/Data/KMZ_files/Wildlife - FL Panther Telemetry - ID 180-189.kmz</onlink>
                <onlink>https://gis.myfwc.com/Data/KMZ_files/Wildlife - FL Panther Telemetry - ID 190-199.kmz</onlink>
                <onlink>https://gis.myfwc.com/Data/KMZ_files/Wildlife - FL Panther Telemetry - ID 200-209.kmz</onlink>
                <onlink>https://gis.myfwc.com/Data/KMZ_files/Wildlife - FL Panther Telemetry - ID 210-219.kmz</onlink>
                <onlink>https://gis.myfwc.com/Data/KMZ_files/Wildlife - FL Panther Telemetry - ID 220-229.kmz</onlink>
                <onlink>https://gis.myfwc.com/Data/KMZ_files/Wildlife - FL Panther Telemetry - ID 230-239.kmz</onlink>
                <onlink>https://gis.myfwc.com/Data/KMZ_files/Wildlife - FL Panther Telemetry - ID 240-249.kmz</onlink>
                <onlink>https://gis.myfwc.com/Data/KMZ_files/Wildlife - FL Panther Telemetry - ID 250-plus.kmz</onlink>
            </citeinfo>
        </citation>
        <descript>
            <abstract>This dataset represents Florida panther (Puma concolor coryi) radio-telemetry data collected February 1981-June 2020. These data were collected by three entities: Florida Fish and Wildlife Conservation Commission (FWC), Everglades National Park (ENP), and Big Cypress National Preserve (BCNP). Methodology for the collection of telemetry locations was described by Land et al. (2008). Many of these panther locations were collected during the diurnal resting period (i.e., during early to mid-morning [Comiskey et al., 2002; Beier et al., 2003]).</abstract>
            <purpose>Monitor Florida panther activities.</purpose>
            <supplinf>Location data were contributed by the FWC, BCNP, and ENP in a cooperative effort.</supplinf>
        </descript>
        <timeperd>
            <timeinfo>
                <rngdates>
                    <begdate>19810201</begdate>
                    <enddate>20200629</enddate>
                </rngdates>
            </timeinfo>
            <current>ground condition</current>
        </timeperd>
        <status>
            <progress>Complete</progress>
            <update>Annually</update>
        </status>
        <spdom>
            <bounding>
                <westbc>-81.835137</westbc>
                <eastbc>-80.360287</eastbc>
                <northbc>28.311458</northbc>
                <southbc>25.20959</southbc>
            </bounding>
        </spdom>
        <keywords>
            <theme>
                <themekt>ISO 19115 Topic Category</themekt>
                <themekey>biota</themekey>
            </theme>
            <theme>
                <themekt>FWC Theme</themekt>
                <themekey>telemetry</themekey>
            </theme>
            <theme>
                <themekt>FWC Common Names</themekt>
                <themekey>panther</themekey>
            </theme>
            <theme>
                <themekt>wildlife</themekt>
                <themekey>wildlife</themekey>
                <themekey>dispersal</themekey>
                <themekey>movements</themekey>
                <themekey>endangered species</themekey>
                <themekey>surveys</themekey>
                <themekey>habitat</themekey>
                <themekey>radio tracking</themekey>
                <themekey>home range</themekey>
                <themekey>occupied range</themekey>
                <themekey>panther</themekey>
                <themekey>aerial survey</themekey>
            </theme>
            <place>
                <placekt>FWC place</placekt>
                <placekey>South Florida</placekey>
                <placekey>Everglade National Park</placekey>
                <placekey>Big Cypress National Preserve</placekey>
            </place>
            <place>
                <placekt>FWC Regions</placekt>
                <placekey>South Region</placekey>
            </place>
        </keywords>
        <accconst>These data are unrestricted. Users should acquire the best available data. If possible, please acquire this dataset directly from FWC as other sources may have altered the original data.</accconst>
        <useconst>Users should read and fully comprehend this metadata record prior to using these data. Please acknowledge the Florida Fish and Wildlife Conservation Commission (FWC) as the data source for any products developed from these data. If any data are modified, please share the edited information with FWC. Users should be aware that comparison with other data sets for the same area may be inaccurate. Users should acquire the best available data. FWC shall not be liable for improper or incorrect use of these data.</useconst>
        <ptcontac>
            <cntinfo>
                <cntorgp>
                    <cntorg>Florida Fish and Wildlife Conservation Commission-Fish and Wildlife Research Institute</cntorg>
                    <cntper>GISLibrarian</cntper>
                </cntorgp>
                <cntpos>GIS Data Librarian</cntpos>
                <cntaddr>
                    <addrtype>mailing and physical</addrtype>
                    <address>Fish and Wildlife Research Institute</address>
                    <address>100 Eighth Avenue Southeast</address>
                    <city>St. Petersburg</city>
                    <state>Florida</state>
                    <postal>33701</postal>
                </cntaddr>
                <cntvoice>727-896-8626</cntvoice>
                <cntfax>727-893-1697</cntfax>
                <cntemail>GISLibrarian@MyFWC.com</cntemail>
            </cntinfo>
        </ptcontac>
        <datacred>FWC, BCNP, and ENP</datacred>
        <secinfo>
            <secsys>FWRI-DC</secsys>
            <sechandl>Available without restriction</sechandl>
        </secinfo>
        <native>ESRI ArcCatalog 10.3.1</native>
        <crossref>
            <citeinfo>
                <pubdate>20160310</pubdate>
                <title>Annual Report on the Research and Management of Florida Panthers: 2014-2015</title>
            </citeinfo>
        </crossref>
    </idinfo>
    <dataqual>
        <attracc>
            <attraccr>QAQC not completed. All attribute values fall within defined parameters. The 'Habitat' field was completed using two different land use/land cover classification schemes depending on the agency tracking panthers on a given day. In all, the different schemata combined with typing errors led to &gt;75 categories, many of which had overlapping characteristics.</attraccr>
        </attracc>
        <logic>Logically consistent. All attribute values fall within defined values.</logic>
        <complete>These data are complete as of the data available to FWRI in March 2021.</complete>
        <posacc>
            <horizpa>
                <horizpar>Spatial accuracy of telemetry data has been estimated to be within 124 m (Land et al 2008).</horizpar>
            </horizpa>
        </posacc>
        <lineage>
            <srcinfo>
                <srccite>
                    <citeinfo>
                        <title>Pan_Flight_81_20_final.xlsx</title>
                    </citeinfo>
                </srccite>
                <typesrc>None</typesrc>
                <srctime>
                    <timeinfo>
                        <rngdates>
                            <begdate>19810201</begdate>
                            <enddate>20200629</enddate>
                        </rngdates>
                    </timeinfo>
                    <srccurr>ground condition</srccurr>
                </srctime>
                <srccitea>Pan_Flight_81_20_final.xlsx</srccitea>
                <srccontr>Contributed to the spatial and attribute content of the dataset.</srccontr>
            </srcinfo>
            <procstep>
                <procdesc>Received telemetry spreadsheet ranging from Feb 1981 to June 2020. Removed "Habitat" and "Activity" fields. Took entire spreadsheet and used UTM coordinates and XY tool to plot points based on Zone 17 of the UTM. Reprojected to Albers. Updated Metadata.</procdesc>
            </procstep>
            <procstep>
                <procdesc>Converted Time field to "text" to correct the wrong date times. Transferred metadata and uploaded to data library.</procdesc>
            </procstep>
            <procstep>
                <procdesc>Received panther telemetry database from Panther Team, containing a cumulative table of spatial coordinates of telemetry locations since Feb 1981, as well as associated attributes. Flights for each radio-collared panther were conducted aerially, 3 times a week. Panthers that were unable to be located were occasionally noted in the dataset. These null locations were removed before the table was converted to a shapefile, with the Florida Modified Albers projection.</procdesc>
                <procdate>20160701</procdate>
            </procstep>
        </lineage>
    </dataqual>
    <spdoinfo>
        <direct>Vector</direct>
    </spdoinfo>
    <eainfo>
        <detailed>
            <enttyp>
                <enttypl>Panther_Telemetry_Locations_June2020_pnt_Modified_Albers</enttypl>
                <enttypd>Aerial telemetry locations of Florida panthers</enttypd>
                <enttypds>FWC</enttypds>
            </enttyp>
            <attr>
                <attrlabl>OBJECTID</attrlabl>
                <attrdef>Internal feature number.</attrdef>
                <attrdefs>Esri</attrdefs>
                <attrdomv>
                                        					
                    
                    <udom>Sequential unique whole numbers that are automatically generated.</udom>
                                        				
                
                </attrdomv>
            </attr>
            <attr>
                <attrlabl>Shape</attrlabl>
                <attrdef>Feature geometry.</attrdef>
                <attrdefs>ESRI</attrdefs>
                <attrdomv>
                                        					
                    
                    <udom>Coordinates defining the features.</udom>
                                        				
                
                </attrdomv>
            </attr>
            <attr>
                <attrlabl>FLGTDATE</attrlabl>
                <attrdef>Date of aerial telemetry flight.</attrdef>
                <attrdefs>FWC</attrdefs>
                <attrdomv>
                                        					
                    
                    <udom>Calendar data values</udom>
                                        				
                
                </attrdomv>
            </attr>
            <attr>
                <attrlabl>CATNUMBER</attrlabl>
                <attrdef>This field consists of sequentially-numbered Florida panthers that were captured for radiotelemetry studies. The FWC updates this information in Appendix 1 of its, "Annual Report on the Research and Management of Florida Panthers."  This data set also includes locations of 8 female Texas cougars that were released into the Florida panther population in 1995 as part of Florida Panther Genetic Restoration.</attrdef>
                <attrdefs>FWC</attrdefs>
                <attrdomv>
                                        					
                    
                    <udom>Free text</udom>
                                        				
                
                </attrdomv>
            </attr>
            <attr>
                <attrlabl>TIME</attrlabl>
            </attr>
            <attr>
                <attrlabl>UTM83EAST</attrlabl>
            </attr>
            <attr>
                <attrlabl>UTM83NORTH</attrlabl>
            </attr>
            <attr>
                <attrlabl>AGENCY</attrlabl>
                <attrdef>This field corresponds records which entity collected the location and corresponds to the abbreviations used above</attrdef>
                <attrdefs>FWC</attrdefs>
                <attrdomv>
                                        					
                    
                    <udom>Free text</udom>
                                        				
                
                </attrdomv>
            </attr>
            <attr>
                <attrlabl>COMMENTS</attrlabl>
            </attr>
        </detailed>
    </eainfo>
    <distinfo>
        <distrib>
            <cntinfo>
                <cntorgp>
                    <cntorg>FWC-FWRI (Florida Fish and Wildlife Conservation Commission-Fish and Wildlife Research Institute)</cntorg>
                    <cntper>GIS Data Librarian</cntper>
                </cntorgp>
                <cntpos>GIS Data Librarian</cntpos>
                <cntaddr>
                    <addrtype>mailing and physical</addrtype>
                    <address>Fish and Wildlife Research Institute</address>
                    <address>100 Eighth Avenue Southeast</address>
                    <city>St. Petersburg</city>
                    <state>Florida</state>
                    <postal>33701</postal>
                </cntaddr>
                <cntvoice>727-896-8626</cntvoice>
                <cntfax>727-893-1679</cntfax>
                <cntemail>GISLibrarian@MyFWC.com</cntemail>
            </cntinfo>
        </distrib>
        <distliab>This data set is in the public domain, and the recipient may not assert any proprietary rights thereto nor represent it to anyone as other than a FWC-FWRI produced data set; it is provided "as-is" without warranty of any kind, including, but not limited to, the implied warranties of merchantability and fitness for a particular purpose. The user assumes all responsibility for the accuracy and suitability of this data set for a specific application. In no event will the staff of the Fish and Wildlife Research Institute be liable for any damages, including lost profits, lost savings, or other incidental or consequential damages arising from the use of or the inability to use this data set.</distliab>
        <stdorder>
            <digform>
                <digtinfo>
                    <formname>SHP</formname>
                    <transize>2.505</transize>
                </digtinfo>
                <digtopt>
                    <onlinopt>
                        <computer>
                            <networka>
                                <networkr>http://research.myfwc.com/</networkr>
                            </networka>
                        </computer>
                    </onlinopt>
                </digtopt>
            </digform>
            <fees>None. However, persons or organizations requesting information must provide transfer media if FTP is not available and must pay express shipping costs if express shipping is required.</fees>
            <ordering>Contact GIS Librarian by e-mail, telephone, or letter explaining which products are needed and providing a brief description of how the products will be used. Also, provide name and address of the person or organization requesting the products.</ordering>
            <turnarnd>Usually within 10 business days, although, complex requests may take longer</turnarnd>
        </stdorder>
    </distinfo>
    <metainfo>
        <metd>20210726</metd>
        <metc>
            <cntinfo>
                <cntorgp>
                    <cntorg>FWC-FWRI (Florida Fish and Wildlife Conservation Commission-Fish and Wildlife Research Institute)</cntorg>
                    <cntper>GIS Data Librarian</cntper>
                </cntorgp>
                <cntpos>GIS Data Librarian</cntpos>
                <cntaddr>
                    <addrtype>mailing and physical</addrtype>
                    <address>Fish and Wildlife Research Institute</address>
                    <address>100 Eighth Avenue Southeast</address>
                    <city>St. Petersburg</city>
                    <state>Florida</state>
                    <postal>33701</postal>
                </cntaddr>
                <cntvoice>727-896-8626</cntvoice>
                <cntfax>727-893-1679</cntfax>
                <cntemail>GISLibrarian@MyFWC.com</cntemail>
            </cntinfo>
        </metc>
        <metstdn>FGDC Content Standard for Digital Geospatial Metadata</metstdn>
        <metstdv>FGDC-STD-001-1998</metstdv>
        <mettc>local time</mettc>
        <metac>No restrictions on metadata</metac>
        <metuc>Metadata must be distributed with the data set.</metuc>
        <metsi>
            <metscs>FWRI-MC</metscs>
            <metshd>Metadata must be distributed with the data set.</metshd>
        </metsi>
    </metainfo>
</metadata>
